id;start_date;en_date;request_status
1;2023-05-27T21:20:07;2023-05-27T05:19:58;PENDING
2;2023-05-27T02:08:40;2023-05-27T02:56:25;APPROVED
3;2023-05-28T00:42:54;2023-05-27T13:30:52;PENDING
4;2023-05-27T21:26:27;2023-05-28T00:43:36;PENDING
5;2023-05-27T02:02:14;2023-05-27T09:33:48;PENDING
6;2023-05-27T14:15:55;2023-05-27T20:29:00;APPROVED
7;2023-05-27T01:19:57;2023-05-27T09:27:52;REJECTED
8;2023-05-27T05:01:40;2023-05-27T12:09:42;PENDING
9;2023-05-27T17:48:01;2023-05-27T02:29:59;PENDING
10;2023-05-27T07:23:42;2023-05-27T07:00:29;APPROVED
